"Profile","Id","Path","Slice Name","Alias(s)","Label","Min","Max","Must Support?","Is Modifier?","Is Summary?","Type(s)","Short","Definition","Comments","Requirements","Default Value","Meaning When Missing","Fixed Value","Pattern","Example","Minimum Value","Maximum Value","Maximum Length","Binding Strength","Binding Description","Binding Value Set","Code","Slicing Discriminator","Slicing Description","Slicing Ordered","Slicing Rules","Base Path","Base Min","Base Max","Condition(s)","Constraint(s)"
"assi-location","Location","Location","","","",0,*,"","","","null {[]} {[]}
","Details and position information for a physical place","Details and position information for a physical place where services are provided and resources and participants may be stored, found, contained, or accommodated.","","","","","","","","","",,,,,"",,,,"Location",0,*,"","dom-2:If the resource is contained in another resource, it SHALL NOT contain nested Resources {contained.contained.empty()}
dom-3:If the resource is contained in another resource, it SHALL be referred to from elsewhere in the resource or SHALL refer to the containing resource {contained.where((('#'+id in (%resource.descendants().reference | %resource.descendants().as(canonical) | %resource.descendants().as(uri) | %resource.descendants().as(url))) or descendants().where(reference = '#').exists() or descendants().where(as(canonical) = '#').exists() or descendants().where(as(canonical) = '#').exists()).not()).trace('unmatched', id).empty()}dom-4:If a resource is contained in another resource, it SHALL NOT have a meta.versionId or a meta.lastUpdated {contained.meta.versionId.empty() and contained.meta.lastUpdated.empty()}dom-5:If a resource is contained in another resource, it SHALL NOT have a security label {contained.meta.security.empty()}dom-6:A resource should have narrative for robust management {text.`div`.exists()}"
"assi-location","Location.id","Location.id","","","",0,1,"","","Y","id {[]} {[]}
","Logical id of this artifact","The logical id of the resource, as used in the URL for the resource. Once assigned, this value never changes.","The only time that a resource does not have an id is when it is being submitted to the server using a create operation.","","","","","","","","",,,,,"",,,,"Resource.id",0,1,"",""
"assi-location","Location.meta","Location.meta","","","",0,1,"","","Y","Meta {[]} {[]}
","Metadata about the resource","The metadata about the resource. This is content that is maintained by the infrastructure. Changes to the content might not always be associated with version changes to the resource.","","","","","","","","","",,,,,"",,,,"Resource.meta",0,1,"","ele-1:All FHIR elements must have a @value or children {hasValue() or (children().count() > id.count())}
"
"assi-location","Location.implicitRules","Location.implicitRules","","","",0,1,"","Y","Y","uri {[]} {[]}
","A set of rules under which this content was created","A reference to a set of rules that were followed when the resource was constructed, and which must be understood when processing the content. Often, this is a reference to an implementation guide that defines the special rules along with other profiles etc.","Asserting this rule set restricts the content to be only understood by a limited set of trading partners. This inherently limits the usefulness of the data in the long term. However, the existing health eco-system is highly fractured, and not yet ready to define, collect, and exchange data in a generally computable sense. Wherever possible, implementers and/or specification writers should avoid using this element. Often, when used, the URL is a reference to an implementation guide that defines these special rules as part of it's narrative along with other profiles, value sets, etc.","","","","","","","","",,,,,"",,,,"Resource.implicitRules",0,1,"","ele-1:All FHIR elements must have a @value or children {hasValue() or (children().count() > id.count())}
"
"assi-location","Location.language","Location.language","","","",0,1,"","","","code {[]} {[]}
","Language of the resource content","The base language in which the resource is written.","Language is provided to support indexing and accessibility (typically, services such as text to speech use the language tag). The html language tag in the narrative applies  to the narrative. The language tag on the resource may be used to specify the language of other presentations generated from the data in the resource. Not all the content has to be in the base language. The Resource.language should not be assumed to apply to the narrative automatically. If a language is specified, it should it also be specified on the div element in the html (see rules in HTML5 for information about the relationship between xml:lang and the html lang attribute).","","","","","","","","",,"preferred","A human language.","http://hl7.org/fhir/ValueSet/languages","",,,,"Resource.language",0,1,"","ele-1:All FHIR elements must have a @value or children {hasValue() or (children().count() > id.count())}
"
"assi-location","Location.text","Location.text","","narrative
htmlxhtmldisplay","",0,1,"","","","Narrative {[]} {[]}
","Text summary of the resource, for human interpretation","A human-readable narrative that contains a summary of the resource and can be used to represent the content of the resource to a human. The narrative need not encode all the structured data, but is required to contain sufficient detail to make it ""clinically safe"" for a human to just read the narrative. Resource definitions may define what content should be represented in the narrative to ensure clinical safety.","Contained resources do not have narrative. Resources that are not contained SHOULD have a narrative. In some cases, a resource may only have text with little or no additional discrete data (as long as all minOccurs=1 elements are satisfied).  This may be necessary for data from legacy systems where information is captured as a ""text blob"" or where text is additionally entered raw or narrated and encoded information is added later.","","","","","","","","",,,,,"",,,,"DomainResource.text",0,1,"","ele-1:All FHIR elements must have a @value or children {hasValue() or (children().count() > id.count())}
"
"assi-location","Location.contained","Location.contained","","inline resources
anonymous resourcescontained resources","",0,*,"","","","Resource {[]} {[]}
","Contained, inline Resources","These resources do not have an independent existence apart from the resource that contains them - they cannot be identified independently, and nor can they have their own independent transaction scope.","This should never be done when the content can be identified properly, as once identification is lost, it is extremely difficult (and context dependent) to restore it again. Contained resources may have profiles and tags In their meta elements, but SHALL NOT have security labels.","","","","","","","","",,,,,"",,,,"DomainResource.contained",0,*,"",""
"assi-location","Location.extension","Location.extension","","","",0,*,"","","","Extension {[]} {[]}
","Extension","An Extension","","","","","","","","","",,,,,"","value:url}
","",,"open","DomainResource.extension",0,*,"","ele-1:All FHIR elements must have a @value or children {hasValue() or (children().count() > id.count())}
ext-1:Must have either extensions or value[x], not both {extension.exists() != value.exists()}"
"assi-location","Location.extension:responsibleUnit","Location.extension","responsibleUnit","","",0,*,"","","","Extension {[CanonicalType[http://example.org/StructureDefinition/responsible-unit]]} {[]}
","Responsible Unit","A unit or department responsible for the location","","","","","","","","","",,,,,"",,,,"DomainResource.extension",0,*,"ele-1
","ele-1:All FHIR elements must have a @value or children {hasValue() or (children().count() > id.count())}
ext-1:Must have either extensions or value[x], not both {extension.exists() != value.exists()}"
"assi-location","Location.modifierExtension","Location.modifierExtension","","extensions
user content","",0,*,"","Y","","Extension {[]} {[]}
","Extensions that cannot be ignored","May be used to represent additional information that is not part of the basic definition of the resource and that modifies the understanding of the element that contains it and/or the understanding of the containing element's descendants. Usually modifier elements provide negation or qualification. To make the use of extensions safe and manageable, there is a strict set of governance applied to the definition and use of extensions. Though any implementer is allowed to define an extension, there is a set of requirements that SHALL be met as part of the definition of the extension. Applications processing a resource are required to check for modifier extensions.

Modifier extensions SHALL NOT change the meaning of any elements on Resource or DomainResource (including cannot change the meaning of modifierExtension itself).","There can be no stigma associated with the use of extensions by any application, project, or standard - regardless of the institution or jurisdiction that uses or defines the extensions.  The use of extensions is what allows the FHIR specification to retain a core level of simplicity for everyone.","Modifier extensions allow for extensions that *cannot* be safely ignored to be clearly distinguished from the vast majority of extensions which can be safely ignored.  This promotes interoperability by eliminating the need for implementers to prohibit the presence of extensions. For further information, see the [definition of modifier extensions](http://hl7.org/fhir/R4/extensibility.html#modifierExtension).","","","","","","","",,,,,"",,,,"DomainResource.modifierExtension",0,*,"","ele-1:All FHIR elements must have a @value or children {hasValue() or (children().count() > id.count())}
ext-1:Must have either extensions or value[x], not both {extension.exists() != value.exists()}"
"assi-location","Location.identifier","Location.identifier","","","",0,*,"","","Y","Identifier {[]} {[]}
","Unique code or number identifying the location to its users","Unique code or number identifying the location to its users.","","Organization label locations in registries, need to keep track of those.","","","","","","","",,,,,"",,,,"Location.identifier",0,*,"","ele-1:All FHIR elements must have a @value or children {hasValue() or (children().count() > id.count())}
"
"assi-location","Location.status","Location.status","","","",1,1,"Y","Y","Y","code {[]} {[]}
","active | suspended | inactive","The status property covers the general availability of the resource, not the current value which may be covered by the operationStatus, or by a schedule/slots if they are configured for the location.","","","","","","","","","",,"required","Indicates whether the location is still in use.","http://hl7.org/fhir/ValueSet/location-status|4.0.1","",,,,"Location.status",0,1,"","ele-1:All FHIR elements must have a @value or children {hasValue() or (children().count() > id.count())}
"
"assi-location","Location.operationalStatus","Location.operationalStatus","","","",0,1,"","","Y","Coding {[]} {[]}
","The operational status of the location (typically only for a bed/room)","The operational status covers operation values most relevant to beds (but can also apply to rooms/units/chairs/etc. such as an isolation unit/dialysis chair). This typically covers concepts such as contamination, housekeeping, and other activities like maintenance.","","","","","","","","","",,"preferred","The operational status if the location (where typically a bed/room).","http://terminology.hl7.org/ValueSet/v2-0116","",,,,"Location.operationalStatus",0,1,"","ele-1:All FHIR elements must have a @value or children {hasValue() or (children().count() > id.count())}
"
"assi-location","Location.name","Location.name","","","",0,1,"","","Y","string {[]} {[]}
","Name of the location as used by humans","Name of the location as used by humans. Does not need to be unique.","If the name of a location changes, consider putting the old name in the alias column so that it can still be located through searches.","","","","","","","","",,,,,"",,,,"Location.name",0,1,"","ele-1:All FHIR elements must have a @value or children {hasValue() or (children().count() > id.count())}
"
"assi-location","Location.alias","Location.alias","","","",0,*,"","","","string {[]} {[]}
","A list of alternate names that the location is known as, or was known as, in the past","A list of alternate names that the location is known as, or was known as, in the past.","There are no dates associated with the alias/historic names, as this is not intended to track when names were used, but to assist in searching so that older names can still result in identifying the location.","Over time locations and organizations go through many changes and can be known by different names.

For searching knowing previous names that the location was known by can be very useful.","","","","","","","",,,,,"",,,,"Location.alias",0,*,"","ele-1:All FHIR elements must have a @value or children {hasValue() or (children().count() > id.count())}
"
"assi-location","Location.description","Location.description","","","",0,1,"","","Y","string {[]} {[]}
","Additional details about the location that could be displayed as further information to identify the location beyond its name","Description of the Location, which helps in finding or referencing the place.","","Humans need additional information to verify a correct location has been identified.","","","","","","","",,,,,"",,,,"Location.description",0,1,"","ele-1:All FHIR elements must have a @value or children {hasValue() or (children().count() > id.count())}
"
"assi-location","Location.mode","Location.mode","","","",0,1,"","","Y","code {[]} {[]}
","instance | kind","Indicates whether a resource instance represents a specific location or a class of locations.","This is labeled as a modifier because whether or not the location is a class of locations changes how it can be used and understood.","When using a Location resource for scheduling or orders, we need to be able to refer to a class of Locations instead of a specific Location.","","","","","","","",,"required","Indicates whether a resource instance represents a specific location or a class of locations.","http://hl7.org/fhir/ValueSet/location-mode|4.0.1","",,,,"Location.mode",0,1,"","ele-1:All FHIR elements must have a @value or children {hasValue() or (children().count() > id.count())}
"
"assi-location","Location.type","Location.type","","","",0,1,"","","Y","CodeableConcept {[]} {[]}
","Type of function performed","Indicates the type of function performed at the location.","","","","","","","","","",,"extensible","Indicates the type of function performed at the location.","http://terminology.hl7.org/ValueSet/v3-ServiceDeliveryLocationRoleType","",,,,"Location.type",0,*,"","ele-1:All FHIR elements must have a @value or children {hasValue() or (children().count() > id.count())}
"
"assi-location","Location.type.id","Location.type.id","","","",0,1,"","","","string {[]} {[]}
","Unique id for inter-element referencing","Unique id for the element within a resource (for internal references). This may be any string value that does not contain spaces.","","","","","","","","","",,,,,"",,,,"Element.id",0,1,"",""
"assi-location","Location.type.extension","Location.type.extension","","extensions
user content","",0,*,"","","","Extension {[]} {[]}
","Additional content defined by implementations","May be used to represent additional information that is not part of the basic definition of the element. To make the use of extensions safe and manageable, there is a strict set of governance  applied to the definition and use of extensions. Though any implementer can define an extension, there is a set of requirements that SHALL be met as part of the definition of the extension.","There can be no stigma associated with the use of extensions by any application, project, or standard - regardless of the institution or jurisdiction that uses or defines the extensions.  The use of extensions is what allows the FHIR specification to retain a core level of simplicity for everyone.","","","","","","","","",,,,,"","value:url}
","Extensions are always sliced by (at least) url",,"open","Element.extension",0,*,"","ele-1:All FHIR elements must have a @value or children {hasValue() or (children().count() > id.count())}
ext-1:Must have either extensions or value[x], not both {extension.exists() != value.exists()}"
"assi-location","Location.type.coding","Location.type.coding","","","",0,*,"","","Y","Coding {[]} {[]}
","Code defined by a terminology system","A reference to a code defined by a terminology system.","Codes may be defined very casually in enumerations, or code lists, up to very formal definitions such as SNOMED CT - see the HL7 v3 Core Principles for more information.  Ordering of codings is undefined and SHALL NOT be used to infer meaning. Generally, at most only one of the coding values will be labeled as UserSelected = true.","Allows for alternative encodings within a code system, and translations to other code systems.","","","","","","","",,,,,"",,,,"CodeableConcept.coding",0,*,"","ele-1:All FHIR elements must have a @value or children {hasValue() or (children().count() > id.count())}
"
"assi-location","Location.type.coding.id","Location.type.coding.id","","","",0,1,"","","","string {[]} {[]}
","Unique id for inter-element referencing","Unique id for the element within a resource (for internal references). This may be any string value that does not contain spaces.","","","","","","","","","",,,,,"",,,,"Element.id",0,1,"",""
"assi-location","Location.type.coding.extension","Location.type.coding.extension","","extensions
user content","",0,*,"","","","Extension {[]} {[]}
","Additional content defined by implementations","May be used to represent additional information that is not part of the basic definition of the element. To make the use of extensions safe and manageable, there is a strict set of governance  applied to the definition and use of extensions. Though any implementer can define an extension, there is a set of requirements that SHALL be met as part of the definition of the extension.","There can be no stigma associated with the use of extensions by any application, project, or standard - regardless of the institution or jurisdiction that uses or defines the extensions.  The use of extensions is what allows the FHIR specification to retain a core level of simplicity for everyone.","","","","","","","","",,,,,"","value:url}
","Extensions are always sliced by (at least) url",,"open","Element.extension",0,*,"","ele-1:All FHIR elements must have a @value or children {hasValue() or (children().count() > id.count())}
ext-1:Must have either extensions or value[x], not both {extension.exists() != value.exists()}"
"assi-location","Location.type.coding.system","Location.type.coding.system","","","",0,1,"","","Y","uri {[]} {[]}
","Identity of the terminology system","The identification of the code system that defines the meaning of the symbol in the code.","The URI may be an OID (urn:oid:...) or a UUID (urn:uuid:...).  OIDs and UUIDs SHALL be references to the HL7 OID registry. Otherwise, the URI should come from HL7's list of FHIR defined special URIs or it should reference to some definition that establishes the system clearly and unambiguously.","Need to be unambiguous about the source of the definition of the symbol.","","","","","","","",,,,,"",,,,"Coding.system",0,1,"","ele-1:All FHIR elements must have a @value or children {hasValue() or (children().count() > id.count())}
"
"assi-location","Location.type.coding.version","Location.type.coding.version","","","",0,1,"","","Y","string {[]} {[]}
","Version of the system - if relevant","The version of the code system which was used when choosing this code. Note that a well-maintained code system does not need the version reported, because the meaning of codes is consistent across versions. However this cannot consistently be assured, and when the meaning is not guaranteed to be consistent, the version SHOULD be exchanged.","Where the terminology does not clearly define what string should be used to identify code system versions, the recommendation is to use the date (expressed in FHIR date format) on which that version was officially published as the version date.","","","","","","","","",,,,,"",,,,"Coding.version",0,1,"","ele-1:All FHIR elements must have a @value or children {hasValue() or (children().count() > id.count())}
"
"assi-location","Location.type.coding.code","Location.type.coding.code","","","",0,1,"","","Y","code {[]} {[]}
","Symbol in syntax defined by the system","A symbol in syntax defined by the system. The symbol may be a predefined code or an expression in a syntax defined by the coding system (e.g. post-coordination).","","Need to refer to a particular code in the system.","","","","","","","",,"preferred","","http://example.org/fhir/ValueSet/location-type-vs","",,,,"Coding.code",0,1,"","ele-1:All FHIR elements must have a @value or children {hasValue() or (children().count() > id.count())}
"
"assi-location","Location.type.coding.display","Location.type.coding.display","","","",0,1,"","","Y","string {[]} {[]}
","Representation defined by the system","A representation of the meaning of the code in the system, following the rules of the system.","","Need to be able to carry a human-readable meaning of the code for readers that do not know  the system.","","","","","","","",,,,,"",,,,"Coding.display",0,1,"","ele-1:All FHIR elements must have a @value or children {hasValue() or (children().count() > id.count())}
"
"assi-location","Location.type.coding.userSelected","Location.type.coding.userSelected","","","",0,1,"","","Y","boolean {[]} {[]}
","If this coding was chosen directly by the user","Indicates that this coding was chosen by a user directly - e.g. off a pick list of available items (codes or displays).","Amongst a set of alternatives, a directly chosen code is the most appropriate starting point for new translations. There is some ambiguity about what exactly 'directly chosen' implies, and trading partner agreement may be needed to clarify the use of this element and its consequences more completely.","This has been identified as a clinical safety criterium - that this exact system/code pair was chosen explicitly, rather than inferred by the system based on some rules or language processing.","","","","","","","",,,,,"",,,,"Coding.userSelected",0,1,"","ele-1:All FHIR elements must have a @value or children {hasValue() or (children().count() > id.count())}
"
"assi-location","Location.type.text","Location.type.text","","","",0,1,"","","Y","string {[]} {[]}
","Plain text representation of the concept","A human language representation of the concept as seen/selected/uttered by the user who entered the data and/or which represents the intended meaning of the user.","Very often the text is the same as a displayName of one of the codings.","The codes from the terminologies do not always capture the correct meaning with all the nuances of the human using them, or sometimes there is no appropriate code at all. In these cases, the text is used to capture the full meaning of the source.","","","","","","","",,,,,"",,,,"CodeableConcept.text",0,1,"","ele-1:All FHIR elements must have a @value or children {hasValue() or (children().count() > id.count())}
"
"assi-location","Location.telecom","Location.telecom","","","",0,*,"","","","ContactPoint {[]} {[]}
","Contact details of the location","The contact details of communication devices available at the location. This can include phone numbers, fax numbers, mobile numbers, email addresses and web sites.","","","","","","","","","",,,,,"",,,,"Location.telecom",0,*,"","ele-1:All FHIR elements must have a @value or children {hasValue() or (children().count() > id.count())}
"
"assi-location","Location.address","Location.address","","","",0,1,"","","","Address {[]} {[]}
","Physical location","Physical location.","Additional addresses should be recorded using another instance of the Location resource, or via the Organization.","If locations can be visited, we need to keep track of their address.","","","","","","","",,,,,"",,,,"Location.address",0,1,"","ele-1:All FHIR elements must have a @value or children {hasValue() or (children().count() > id.count())}
"
"assi-location","Location.physicalType","Location.physicalType","","","",0,1,"","","Y","CodeableConcept {[]} {[]}
","Physical form of the location","Physical form of the location, e.g. building, room, vehicle, road.","","For purposes of showing relevant locations in queries, we need to categorize locations.","","","","","","","",,"example","Physical form of the location.","http://hl7.org/fhir/ValueSet/location-physical-type","",,,,"Location.physicalType",0,1,"","ele-1:All FHIR elements must have a @value or children {hasValue() or (children().count() > id.count())}
"
"assi-location","Location.position","Location.position","","","",0,1,"","","","BackboneElement {[]} {[]}
","The absolute geographic location","The absolute geographic location of the Location, expressed using the WGS84 datum (This is the same co-ordinate system used in KML).","","For mobile applications and automated route-finding knowing the exact location of the Location is required.","","","","","","","",,,,,"",,,,"Location.position",0,1,"","ele-1:All FHIR elements must have a @value or children {hasValue() or (children().count() > id.count())}
"
"assi-location","Location.position.id","Location.position.id","","","",0,1,"","","","string {[]} {[]}
","Unique id for inter-element referencing","Unique id for the element within a resource (for internal references). This may be any string value that does not contain spaces.","","","","","","","","","",,,,,"",,,,"Element.id",0,1,"",""
"assi-location","Location.position.extension","Location.position.extension","","extensions
user content","",0,*,"","","","Extension {[]} {[]}
","Additional content defined by implementations","May be used to represent additional information that is not part of the basic definition of the element. To make the use of extensions safe and manageable, there is a strict set of governance  applied to the definition and use of extensions. Though any implementer can define an extension, there is a set of requirements that SHALL be met as part of the definition of the extension.","There can be no stigma associated with the use of extensions by any application, project, or standard - regardless of the institution or jurisdiction that uses or defines the extensions.  The use of extensions is what allows the FHIR specification to retain a core level of simplicity for everyone.","","","","","","","","",,,,,"",,,,"Element.extension",0,*,"","ele-1:All FHIR elements must have a @value or children {hasValue() or (children().count() > id.count())}
ext-1:Must have either extensions or value[x], not both {extension.exists() != value.exists()}"
"assi-location","Location.position.modifierExtension","Location.position.modifierExtension","","extensions
user contentmodifiers","",0,*,"","Y","Y","Extension {[]} {[]}
","Extensions that cannot be ignored even if unrecognized","May be used to represent additional information that is not part of the basic definition of the element and that modifies the understanding of the element in which it is contained and/or the understanding of the containing element's descendants. Usually modifier elements provide negation or qualification. To make the use of extensions safe and manageable, there is a strict set of governance applied to the definition and use of extensions. Though any implementer can define an extension, there is a set of requirements that SHALL be met as part of the definition of the extension. Applications processing a resource are required to check for modifier extensions.

Modifier extensions SHALL NOT change the meaning of any elements on Resource or DomainResource (including cannot change the meaning of modifierExtension itself).","There can be no stigma associated with the use of extensions by any application, project, or standard - regardless of the institution or jurisdiction that uses or defines the extensions.  The use of extensions is what allows the FHIR specification to retain a core level of simplicity for everyone.","Modifier extensions allow for extensions that *cannot* be safely ignored to be clearly distinguished from the vast majority of extensions which can be safely ignored.  This promotes interoperability by eliminating the need for implementers to prohibit the presence of extensions. For further information, see the [definition of modifier extensions](http://hl7.org/fhir/R4/extensibility.html#modifierExtension).","","","","","","","",,,,,"",,,,"BackboneElement.modifierExtension",0,*,"","ele-1:All FHIR elements must have a @value or children {hasValue() or (children().count() > id.count())}
ext-1:Must have either extensions or value[x], not both {extension.exists() != value.exists()}"
"assi-location","Location.position.longitude","Location.position.longitude","","","",1,1,"","","","decimal {[]} {[]}
","Longitude with WGS84 datum","Longitude. The value domain and the interpretation are the same as for the text of the longitude element in KML (see notes below).","","","","","","","","","",,,,,"",,,,"Location.position.longitude",1,1,"","ele-1:All FHIR elements must have a @value or children {hasValue() or (children().count() > id.count())}
"
"assi-location","Location.position.latitude","Location.position.latitude","","","",1,1,"","","","decimal {[]} {[]}
","Latitude with WGS84 datum","Latitude. The value domain and the interpretation are the same as for the text of the latitude element in KML (see notes below).","","","","","","","","","",,,,,"",,,,"Location.position.latitude",1,1,"","ele-1:All FHIR elements must have a @value or children {hasValue() or (children().count() > id.count())}
"
"assi-location","Location.position.altitude","Location.position.altitude","","","",0,1,"","","","decimal {[]} {[]}
","Altitude with WGS84 datum","Altitude. The value domain and the interpretation are the same as for the text of the altitude element in KML (see notes below).","","","","","","","","","",,,,,"",,,,"Location.position.altitude",0,1,"","ele-1:All FHIR elements must have a @value or children {hasValue() or (children().count() > id.count())}
"
"assi-location","Location.managingOrganization","Location.managingOrganization","","","",0,1,"","","Y","Reference {[]} {[CanonicalType[https://hl7.fi/fhir/finnish-base-profiles/StructureDefinition/fi-base-organization]]}
","Kuvaa ylätason organisaatiota kuten Kanta-Hämeen hyvinvointialue","The organization responsible for the provisioning and upkeep of the location.","This can also be used as the part of the organization hierarchy where this location provides services. These services can be defined through the HealthcareService resource.","Need to know who manages the location.","","","","","","","",,,,,"",,,,"Location.managingOrganization",0,1,"","ele-1:All FHIR elements must have a @value or children {hasValue() or (children().count() > id.count())}
"
"assi-location","Location.partOf","Location.partOf","","","",0,1,"","","","Reference {[]} {[CanonicalType[https://hl7.fi/fhir/finnish-base-profiles/StructureDefinition/fi-base-location]]}
","Another Location this one is physically a part of","Another Location of which this Location is physically a part of.","","For purposes of location, display and identification, knowing which locations are located within other locations is important.","","","","","","","",,,,,"",,,,"Location.partOf",0,1,"","ele-1:All FHIR elements must have a @value or children {hasValue() or (children().count() > id.count())}
"
"assi-location","Location.hoursOfOperation","Location.hoursOfOperation","","","",0,*,"","","","BackboneElement {[]} {[]}
","What days/times during a week is this location usually open","What days/times during a week is this location usually open.","This type of information is commonly found published in directories and on websites informing customers when the facility is available.

Specific services within the location may have their own hours which could be shorter (or longer) than the locations hours.","","","","","","","","",,,,,"",,,,"Location.hoursOfOperation",0,*,"","ele-1:All FHIR elements must have a @value or children {hasValue() or (children().count() > id.count())}
"
"assi-location","Location.hoursOfOperation.id","Location.hoursOfOperation.id","","","",0,1,"","","","string {[]} {[]}
","Unique id for inter-element referencing","Unique id for the element within a resource (for internal references). This may be any string value that does not contain spaces.","","","","","","","","","",,,,,"",,,,"Element.id",0,1,"",""
"assi-location","Location.hoursOfOperation.extension","Location.hoursOfOperation.extension","","extensions
user content","",0,*,"","","","Extension {[]} {[]}
","Additional content defined by implementations","May be used to represent additional information that is not part of the basic definition of the element. To make the use of extensions safe and manageable, there is a strict set of governance  applied to the definition and use of extensions. Though any implementer can define an extension, there is a set of requirements that SHALL be met as part of the definition of the extension.","There can be no stigma associated with the use of extensions by any application, project, or standard - regardless of the institution or jurisdiction that uses or defines the extensions.  The use of extensions is what allows the FHIR specification to retain a core level of simplicity for everyone.","","","","","","","","",,,,,"",,,,"Element.extension",0,*,"","ele-1:All FHIR elements must have a @value or children {hasValue() or (children().count() > id.count())}
ext-1:Must have either extensions or value[x], not both {extension.exists() != value.exists()}"
"assi-location","Location.hoursOfOperation.modifierExtension","Location.hoursOfOperation.modifierExtension","","extensions
user contentmodifiers","",0,*,"","Y","Y","Extension {[]} {[]}
","Extensions that cannot be ignored even if unrecognized","May be used to represent additional information that is not part of the basic definition of the element and that modifies the understanding of the element in which it is contained and/or the understanding of the containing element's descendants. Usually modifier elements provide negation or qualification. To make the use of extensions safe and manageable, there is a strict set of governance applied to the definition and use of extensions. Though any implementer can define an extension, there is a set of requirements that SHALL be met as part of the definition of the extension. Applications processing a resource are required to check for modifier extensions.

Modifier extensions SHALL NOT change the meaning of any elements on Resource or DomainResource (including cannot change the meaning of modifierExtension itself).","There can be no stigma associated with the use of extensions by any application, project, or standard - regardless of the institution or jurisdiction that uses or defines the extensions.  The use of extensions is what allows the FHIR specification to retain a core level of simplicity for everyone.","Modifier extensions allow for extensions that *cannot* be safely ignored to be clearly distinguished from the vast majority of extensions which can be safely ignored.  This promotes interoperability by eliminating the need for implementers to prohibit the presence of extensions. For further information, see the [definition of modifier extensions](http://hl7.org/fhir/R4/extensibility.html#modifierExtension).","","","","","","","",,,,,"",,,,"BackboneElement.modifierExtension",0,*,"","ele-1:All FHIR elements must have a @value or children {hasValue() or (children().count() > id.count())}
ext-1:Must have either extensions or value[x], not both {extension.exists() != value.exists()}"
"assi-location","Location.hoursOfOperation.daysOfWeek","Location.hoursOfOperation.daysOfWeek","","","",0,*,"","","","code {[]} {[]}
","mon | tue | wed | thu | fri | sat | sun","Indicates which days of the week are available between the start and end Times.","","","","","","","","","",,"required","The days of the week.","http://hl7.org/fhir/ValueSet/days-of-week|4.0.1","",,,,"Location.hoursOfOperation.daysOfWeek",0,*,"","ele-1:All FHIR elements must have a @value or children {hasValue() or (children().count() > id.count())}
"
"assi-location","Location.hoursOfOperation.allDay","Location.hoursOfOperation.allDay","","","",0,1,"","","","boolean {[]} {[]}
","The Location is open all day","The Location is open all day.","","","","","","","","","",,,,,"",,,,"Location.hoursOfOperation.allDay",0,1,"","ele-1:All FHIR elements must have a @value or children {hasValue() or (children().count() > id.count())}
"
"assi-location","Location.hoursOfOperation.openingTime","Location.hoursOfOperation.openingTime","","","",0,1,"","","","time {[]} {[]}
","Time that the Location opens","Time that the Location opens.","","","","","","","","","",,,,,"",,,,"Location.hoursOfOperation.openingTime",0,1,"","ele-1:All FHIR elements must have a @value or children {hasValue() or (children().count() > id.count())}
"
"assi-location","Location.hoursOfOperation.closingTime","Location.hoursOfOperation.closingTime","","","",0,1,"","","","time {[]} {[]}
","Time that the Location closes","Time that the Location closes.","","","","","","","","","",,,,,"",,,,"Location.hoursOfOperation.closingTime",0,1,"","ele-1:All FHIR elements must have a @value or children {hasValue() or (children().count() > id.count())}
"
"assi-location","Location.availabilityExceptions","Location.availabilityExceptions","","","",0,1,"","","","string {[]} {[]}
","Description of availability exceptions","A description of when the locations opening ours are different to normal, e.g. public holiday availability. Succinctly describing all possible exceptions to normal site availability as detailed in the opening hours Times.","","","","","","","","","",,,,,"",,,,"Location.availabilityExceptions",0,1,"","ele-1:All FHIR elements must have a @value or children {hasValue() or (children().count() > id.count())}
"
"assi-location","Location.endpoint","Location.endpoint","","","",0,*,"","","","Reference {[]} {[CanonicalType[http://hl7.org/fhir/StructureDefinition/Endpoint]]}
","Technical endpoints providing access to services operated for the location","Technical endpoints providing access to services operated for the location.","","Organizations may have different systems at different locations that provide various services and need to be able to define the technical connection details for how to connect to them, and for what purpose.","","","","","","","",,,,,"",,,,"Location.endpoint",0,*,"","ele-1:All FHIR elements must have a @value or children {hasValue() or (children().count() > id.count())}
"
"assi-organisation","Organization","Organization","","","",0,*,"","","","null {[]} {[]}
","A grouping of people or organizations with a common purpose","A formally or informally recognized grouping of people or organizations formed for the purpose of achieving some form of collective action.  Includes companies, institutions, corporations, departments, community groups, healthcare practice groups, payer/insurer, etc.","","","","","","","","","",,,,,"",,,,"Organization",0,*,"","dom-2:If the resource is contained in another resource, it SHALL NOT contain nested Resources {contained.contained.empty()}
dom-3:If the resource is contained in another resource, it SHALL be referred to from elsewhere in the resource or SHALL refer to the containing resource {contained.where((('#'+id in (%resource.descendants().reference | %resource.descendants().as(canonical) | %resource.descendants().as(uri) | %resource.descendants().as(url))) or descendants().where(reference = '#').exists() or descendants().where(as(canonical) = '#').exists() or descendants().where(as(canonical) = '#').exists()).not()).trace('unmatched', id).empty()}dom-4:If a resource is contained in another resource, it SHALL NOT have a meta.versionId or a meta.lastUpdated {contained.meta.versionId.empty() and contained.meta.lastUpdated.empty()}dom-5:If a resource is contained in another resource, it SHALL NOT have a security label {contained.meta.security.empty()}dom-6:A resource should have narrative for robust management {text.`div`.exists()}org-1:The organization SHALL at least have a name or an identifier, and possibly more than one {(identifier.count() + name.count()) > 0}"
"assi-organisation","Organization.id","Organization.id","","","",0,1,"","","Y","id {[]} {[]}
","Logical id of this artifact","The logical id of the resource, as used in the URL for the resource. Once assigned, this value never changes.","The only time that a resource does not have an id is when it is being submitted to the server using a create operation.","","","","","","","","",,,,,"",,,,"Resource.id",0,1,"",""
"assi-organisation","Organization.meta","Organization.meta","","","",0,1,"","","Y","Meta {[]} {[]}
","Metadata about the resource","The metadata about the resource. This is content that is maintained by the infrastructure. Changes to the content might not always be associated with version changes to the resource.","","","","","","","","","",,,,,"",,,,"Resource.meta",0,1,"","ele-1:All FHIR elements must have a @value or children {hasValue() or (children().count() > id.count())}
"
"assi-organisation","Organization.implicitRules","Organization.implicitRules","","","",0,1,"","Y","Y","uri {[]} {[]}
","A set of rules under which this content was created","A reference to a set of rules that were followed when the resource was constructed, and which must be understood when processing the content. Often, this is a reference to an implementation guide that defines the special rules along with other profiles etc.","Asserting this rule set restricts the content to be only understood by a limited set of trading partners. This inherently limits the usefulness of the data in the long term. However, the existing health eco-system is highly fractured, and not yet ready to define, collect, and exchange data in a generally computable sense. Wherever possible, implementers and/or specification writers should avoid using this element. Often, when used, the URL is a reference to an implementation guide that defines these special rules as part of it's narrative along with other profiles, value sets, etc.","","","","","","","","",,,,,"",,,,"Resource.implicitRules",0,1,"","ele-1:All FHIR elements must have a @value or children {hasValue() or (children().count() > id.count())}
"
"assi-organisation","Organization.language","Organization.language","","","",0,1,"","","","code {[]} {[]}
","Language of the resource content","The base language in which the resource is written.","Language is provided to support indexing and accessibility (typically, services such as text to speech use the language tag). The html language tag in the narrative applies  to the narrative. The language tag on the resource may be used to specify the language of other presentations generated from the data in the resource. Not all the content has to be in the base language. The Resource.language should not be assumed to apply to the narrative automatically. If a language is specified, it should it also be specified on the div element in the html (see rules in HTML5 for information about the relationship between xml:lang and the html lang attribute).","","","","","","","","",,"preferred","A human language.","http://hl7.org/fhir/ValueSet/languages","",,,,"Resource.language",0,1,"","ele-1:All FHIR elements must have a @value or children {hasValue() or (children().count() > id.count())}
"
"assi-organisation","Organization.text","Organization.text","","narrative
htmlxhtmldisplay","",0,1,"","","","Narrative {[]} {[]}
","Text summary of the resource, for human interpretation","A human-readable narrative that contains a summary of the resource and can be used to represent the content of the resource to a human. The narrative need not encode all the structured data, but is required to contain sufficient detail to make it ""clinically safe"" for a human to just read the narrative. Resource definitions may define what content should be represented in the narrative to ensure clinical safety.","Contained resources do not have narrative. Resources that are not contained SHOULD have a narrative. In some cases, a resource may only have text with little or no additional discrete data (as long as all minOccurs=1 elements are satisfied).  This may be necessary for data from legacy systems where information is captured as a ""text blob"" or where text is additionally entered raw or narrated and encoded information is added later.","","","","","","","","",,,,,"",,,,"DomainResource.text",0,1,"","ele-1:All FHIR elements must have a @value or children {hasValue() or (children().count() > id.count())}
"
"assi-organisation","Organization.contained","Organization.contained","","inline resources
anonymous resourcescontained resources","",0,*,"","","","Resource {[]} {[]}
","Contained, inline Resources","These resources do not have an independent existence apart from the resource that contains them - they cannot be identified independently, and nor can they have their own independent transaction scope.","This should never be done when the content can be identified properly, as once identification is lost, it is extremely difficult (and context dependent) to restore it again. Contained resources may have profiles and tags In their meta elements, but SHALL NOT have security labels.","","","","","","","","",,,,,"",,,,"DomainResource.contained",0,*,"",""
"assi-organisation","Organization.extension","Organization.extension","","extensions
user content","",0,*,"","","","Extension {[]} {[]}
","Additional content defined by implementations","May be used to represent additional information that is not part of the basic definition of the resource. To make the use of extensions safe and manageable, there is a strict set of governance  applied to the definition and use of extensions. Though any implementer can define an extension, there is a set of requirements that SHALL be met as part of the definition of the extension.","There can be no stigma associated with the use of extensions by any application, project, or standard - regardless of the institution or jurisdiction that uses or defines the extensions.  The use of extensions is what allows the FHIR specification to retain a core level of simplicity for everyone.","","","","","","","","",,,,,"",,,,"DomainResource.extension",0,*,"","ele-1:All FHIR elements must have a @value or children {hasValue() or (children().count() > id.count())}
ext-1:Must have either extensions or value[x], not both {extension.exists() != value.exists()}"
"assi-organisation","Organization.modifierExtension","Organization.modifierExtension","","extensions
user content","",0,*,"","Y","","Extension {[]} {[]}
","Extensions that cannot be ignored","May be used to represent additional information that is not part of the basic definition of the resource and that modifies the understanding of the element that contains it and/or the understanding of the containing element's descendants. Usually modifier elements provide negation or qualification. To make the use of extensions safe and manageable, there is a strict set of governance applied to the definition and use of extensions. Though any implementer is allowed to define an extension, there is a set of requirements that SHALL be met as part of the definition of the extension. Applications processing a resource are required to check for modifier extensions.

Modifier extensions SHALL NOT change the meaning of any elements on Resource or DomainResource (including cannot change the meaning of modifierExtension itself).","There can be no stigma associated with the use of extensions by any application, project, or standard - regardless of the institution or jurisdiction that uses or defines the extensions.  The use of extensions is what allows the FHIR specification to retain a core level of simplicity for everyone.","Modifier extensions allow for extensions that *cannot* be safely ignored to be clearly distinguished from the vast majority of extensions which can be safely ignored.  This promotes interoperability by eliminating the need for implementers to prohibit the presence of extensions. For further information, see the [definition of modifier extensions](http://hl7.org/fhir/R4/extensibility.html#modifierExtension).","","","","","","","",,,,,"",,,,"DomainResource.modifierExtension",0,*,"","ele-1:All FHIR elements must have a @value or children {hasValue() or (children().count() > id.count())}
ext-1:Must have either extensions or value[x], not both {extension.exists() != value.exists()}"
"assi-organisation","Organization.identifier","Organization.identifier","","","",1,1,"","","Y","Identifier {[]} {[]}
","Identifies this organization  across multiple systems","Identifier for the organization that is used to identify the organization across multiple disparate systems.","","Organizations are known by a variety of ids. Some institutions maintain several, and most collect identifiers for exchange with other organizations concerning the organization.","","","","","","","",,,,,"",,,,"Organization.identifier",0,*,"org-1
","ele-1:All FHIR elements must have a @value or children {hasValue() or (children().count() > id.count())}
"
"assi-organisation","Organization.active","Organization.active","","","",0,1,"","Y","Y","boolean {[]} {[]}
","Whether the organization's record is still in active use","Whether the organization's record is still in active use.","This active flag is not intended to be used to mark an organization as temporarily closed or under construction. Instead the Location(s) within the Organization should have the suspended status. If further details of the reason for the suspension are required, then an extension on this element should be used.

This element is labeled as a modifier because it may be used to mark that the resource was created in error.","Need a flag to indicate a record is no longer to be used and should generally be hidden for the user in the UI.","","This resource is generally assumed to be active if no value is provided for the active element","","","","","",,,,,"",,,,"Organization.active",0,1,"","ele-1:All FHIR elements must have a @value or children {hasValue() or (children().count() > id.count())}
"
"assi-organisation","Organization.type","Organization.type","","","",0,*,"","","Y","CodeableConcept {[]} {[]}
","Kind of organization","The kind(s) of organization that this is.","Organizations can be corporations, wards, sections, clinical teams, government departments, etc. Note that code is generally a classifier of the type of organization; in many applications, codes are used to identity a particular organization (say, ward) as opposed to another of the same type - these are identifiers, not codes

When considering if multiple types are appropriate, you should evaluate if child organizations would be a more appropriate use of the concept, as different types likely are in different sub-areas of the organization. This is most likely to be used where type values have orthogonal values, such as a religious, academic and medical center.

We expect that some jurisdictions will profile this optionality to be a single cardinality.","Need to be able to track the kind of organization that this is - different organization types have different uses.","","","","","","","",,"example","Used to categorize the organization.","http://hl7.org/fhir/ValueSet/organization-type","",,,,"Organization.type",0,*,"","ele-1:All FHIR elements must have a @value or children {hasValue() or (children().count() > id.count())}
"
"assi-organisation","Organization.name","Organization.name","","","",1,1,"","","Y","string {[]} {[]}
","Name used for the organization","A name associated with the organization.","If the name of an organization changes, consider putting the old name in the alias column so that it can still be located through searches.","Need to use the name as the label of the organization.","","","","","","","",,,,,"",,,,"Organization.name",0,1,"org-1
","ele-1:All FHIR elements must have a @value or children {hasValue() or (children().count() > id.count())}
"
"assi-organisation","Organization.alias","Organization.alias","","","",0,*,"","","","string {[]} {[]}
","A list of alternate names that the organization is known as, or was known as in the past","A list of alternate names that the organization is known as, or was known as in the past.","There are no dates associated with the alias/historic names, as this is not intended to track when names were used, but to assist in searching so that older names can still result in identifying the organization.","Over time locations and organizations go through many changes and can be known by different names.

For searching knowing previous names that the organization was known by can be very useful.","","","","","","","",,,,,"",,,,"Organization.alias",0,*,"","ele-1:All FHIR elements must have a @value or children {hasValue() or (children().count() > id.count())}
"
"assi-organisation","Organization.telecom","Organization.telecom","","","",0,*,"","","","ContactPoint {[]} {[]}
","A contact detail for the organization","A contact detail for the organization.","The use code 'home' is not to be used. Note that these contacts are not the contact details of people who are employed by or represent the organization, but official contacts for the organization itself.","Human contact for the organization.","","","","","","","",,,,,"",,,,"Organization.telecom",0,*,"org-3
","ele-1:All FHIR elements must have a @value or children {hasValue() or (children().count() > id.count())}
org-3:The telecom of an organization can never be of use 'home' {where(use = 'home').empty()}"
"assi-organisation","Organization.address","Organization.address","","","",0,*,"","","","Address {[]} {[]}
","An address for the organization","An address for the organization.","Organization may have multiple addresses with different uses or applicable periods. The use code 'home' is not to be used.","May need to keep track of the organization's addresses for contacting, billing or reporting requirements.","","","","","","","",,,,,"",,,,"Organization.address",0,*,"org-2
","ele-1:All FHIR elements must have a @value or children {hasValue() or (children().count() > id.count())}
org-2:An address of an organization can never be of use 'home' {where(use = 'home').empty()}"
"assi-organisation","Organization.partOf","Organization.partOf","","","",0,1,"","","Y","Reference {[]} {[CanonicalType[https://hl7.fi/fhir/finnish-base-profiles/StructureDefinition/fi-base-organization]]}
","The organization of which this organization forms a part","The organization of which this organization forms a part.","","Need to be able to track the hierarchy of organizations within an organization.","","","","","","","",,,,,"",,,,"Organization.partOf",0,1,"","ele-1:All FHIR elements must have a @value or children {hasValue() or (children().count() > id.count())}
"
"assi-organisation","Organization.contact","Organization.contact","","","",0,*,"","","","BackboneElement {[]} {[]}
","Contact for the organization for a certain purpose","Contact for the organization for a certain purpose.","Where multiple contacts for the same purpose are provided there is a standard extension that can be used to determine which one is the preferred contact to use.","Need to keep track of assigned contact points within bigger organization.","","","","","","","",,,,,"",,,,"Organization.contact",0,*,"","ele-1:All FHIR elements must have a @value or children {hasValue() or (children().count() > id.count())}
"
"assi-organisation","Organization.contact.id","Organization.contact.id","","","",0,1,"","","","string {[]} {[]}
","Unique id for inter-element referencing","Unique id for the element within a resource (for internal references). This may be any string value that does not contain spaces.","","","","","","","","","",,,,,"",,,,"Element.id",0,1,"",""
"assi-organisation","Organization.contact.extension","Organization.contact.extension","","extensions
user content","",0,*,"","","","Extension {[]} {[]}
","Additional content defined by implementations","May be used to represent additional information that is not part of the basic definition of the element. To make the use of extensions safe and manageable, there is a strict set of governance  applied to the definition and use of extensions. Though any implementer can define an extension, there is a set of requirements that SHALL be met as part of the definition of the extension.","There can be no stigma associated with the use of extensions by any application, project, or standard - regardless of the institution or jurisdiction that uses or defines the extensions.  The use of extensions is what allows the FHIR specification to retain a core level of simplicity for everyone.","","","","","","","","",,,,,"",,,,"Element.extension",0,*,"","ele-1:All FHIR elements must have a @value or children {hasValue() or (children().count() > id.count())}
ext-1:Must have either extensions or value[x], not both {extension.exists() != value.exists()}"
"assi-organisation","Organization.contact.modifierExtension","Organization.contact.modifierExtension","","extensions
user contentmodifiers","",0,*,"","Y","Y","Extension {[]} {[]}
","Extensions that cannot be ignored even if unrecognized","May be used to represent additional information that is not part of the basic definition of the element and that modifies the understanding of the element in which it is contained and/or the understanding of the containing element's descendants. Usually modifier elements provide negation or qualification. To make the use of extensions safe and manageable, there is a strict set of governance applied to the definition and use of extensions. Though any implementer can define an extension, there is a set of requirements that SHALL be met as part of the definition of the extension. Applications processing a resource are required to check for modifier extensions.

Modifier extensions SHALL NOT change the meaning of any elements on Resource or DomainResource (including cannot change the meaning of modifierExtension itself).","There can be no stigma associated with the use of extensions by any application, project, or standard - regardless of the institution or jurisdiction that uses or defines the extensions.  The use of extensions is what allows the FHIR specification to retain a core level of simplicity for everyone.","Modifier extensions allow for extensions that *cannot* be safely ignored to be clearly distinguished from the vast majority of extensions which can be safely ignored.  This promotes interoperability by eliminating the need for implementers to prohibit the presence of extensions. For further information, see the [definition of modifier extensions](http://hl7.org/fhir/R4/extensibility.html#modifierExtension).","","","","","","","",,,,,"",,,,"BackboneElement.modifierExtension",0,*,"","ele-1:All FHIR elements must have a @value or children {hasValue() or (children().count() > id.count())}
ext-1:Must have either extensions or value[x], not both {extension.exists() != value.exists()}"
"assi-organisation","Organization.contact.purpose","Organization.contact.purpose","","","",0,1,"","","","CodeableConcept {[]} {[]}
","The type of contact","Indicates a purpose for which the contact can be reached.","","Need to distinguish between multiple contact persons.","","","","","","","",,"extensible","The purpose for which you would contact a contact party.","http://hl7.org/fhir/ValueSet/contactentity-type","",,,,"Organization.contact.purpose",0,1,"","ele-1:All FHIR elements must have a @value or children {hasValue() or (children().count() > id.count())}
"
"assi-organisation","Organization.contact.name","Organization.contact.name","","","",0,1,"","","","HumanName {[]} {[]}
","A name associated with the contact","A name associated with the contact.","","Need to be able to track the person by name.","","","","","","","",,,,,"",,,,"Organization.contact.name",0,1,"","ele-1:All FHIR elements must have a @value or children {hasValue() or (children().count() > id.count())}
"
"assi-organisation","Organization.contact.telecom","Organization.contact.telecom","","","",0,*,"","","","ContactPoint {[]} {[]}
","Contact details (telephone, email, etc.)  for a contact","A contact detail (e.g. a telephone number or an email address) by which the party may be contacted.","","People have (primary) ways to contact them in some way such as phone, email.","","","","","","","",,,,,"",,,,"Organization.contact.telecom",0,*,"","ele-1:All FHIR elements must have a @value or children {hasValue() or (children().count() > id.count())}
"
"assi-organisation","Organization.contact.address","Organization.contact.address","","","",0,1,"","","","Address {[]} {[]}
","Visiting or postal addresses for the contact","Visiting or postal addresses for the contact.","","May need to keep track of a contact party's address for contacting, billing or reporting requirements.","","","","","","","",,,,,"",,,,"Organization.contact.address",0,1,"","ele-1:All FHIR elements must have a @value or children {hasValue() or (children().count() > id.count())}
"
"assi-organisation","Organization.endpoint","Organization.endpoint","","","",0,*,"","","","Reference {[]} {[CanonicalType[http://hl7.org/fhir/StructureDefinition/Endpoint]]}
","Technical endpoints providing access to services operated for the organization","Technical endpoints providing access to services operated for the organization.","","Organizations have multiple systems that provide various services and need to be able to define the technical connection details for how to connect to them, and for what purpose.","","","","","","","",,,,,"",,,,"Organization.endpoint",0,*,"","ele-1:All FHIR elements must have a @value or children {hasValue() or (children().count() > id.count())}
"
"responsible-unit","Extension","Extension","","","",0,*,"","","","null {[]} {[]}
","Responsible Unit","A unit or department responsible for the location","","","","","","","","","",,,,,"",,,,"Extension",0,*,"ele-1
","ele-1:All FHIR elements must have a @value or children {hasValue() or (children().count() > id.count())}
ext-1:Must have either extensions or value[x], not both {extension.exists() != value.exists()}"
"responsible-unit","Extension.id","Extension.id","","","",0,1,"","","","string {[]} {[]}
","Unique id for inter-element referencing","Unique id for the element within a resource (for internal references). This may be any string value that does not contain spaces.","","","","","","","","","",,,,,"",,,,"Element.id",0,1,"",""
"responsible-unit","Extension.extension","Extension.extension","","","",1,*,"","","","Extension {[]} {[]}
","Extension","An Extension","","","","","","","","","",,,,,"","value:url}
","Extensions are always sliced by (at least) url",,"open","Element.extension",0,*,"","ele-1:All FHIR elements must have a @value or children {hasValue() or (children().count() > id.count())}
ext-1:Must have either extensions or value[x], not both {extension.exists() != value.exists()}"
"responsible-unit","Extension.extension:unit","Extension.extension","unit","","",1,1,"","","","Extension {[]} {[]}
","Yksikkö tai osasto","An Extension","","","","","","","","","",,,,,"",,,,"Element.extension",0,*,"","ele-1:All FHIR elements must have a @value or children {hasValue() or (children().count() > id.count())}
ext-1:Must have either extensions or value[x], not both {extension.exists() != value.exists()}"
"responsible-unit","Extension.extension:unit.id","Extension.extension.id","","","",0,1,"","","","string {[]} {[]}
","Unique id for inter-element referencing","Unique id for the element within a resource (for internal references). This may be any string value that does not contain spaces.","","","","","","","","","",,,,,"",,,,"Element.id",0,1,"",""
"responsible-unit","Extension.extension:unit.extension","Extension.extension.extension","","","",0,0,"","","","Extension {[]} {[]}
","Extension","An Extension","","","","","","","","","",,,,,"","value:url}
","Extensions are always sliced by (at least) url",,"open","Element.extension",0,*,"","ele-1:All FHIR elements must have a @value or children {hasValue() or (children().count() > id.count())}
ext-1:Must have either extensions or value[x], not both {extension.exists() != value.exists()}"
"responsible-unit","Extension.extension:unit.url","Extension.extension.url","","","",1,1,"","","","uri {[]} {[]}
","identifies the meaning of the extension","Source of the definition for the extension code - a logical name or a URL.","The definition may point directly to a computable or human-readable definition of the extensibility codes, or it may be a logical URI as declared in some other specification. The definition SHALL be a URI for the Structure Definition defining the extension.","","","","<valueUri xmlns=""http://hl7.org/fhir"" value=""unit""/>","","","","",,,,,"",,,,"Extension.url",1,1,"",""
"responsible-unit","Extension.extension:unit.value[x]","Extension.extension.value[x]","","","",0,1,"","","","Reference {[]} {[CanonicalType[http://hl7.org/fhir/StructureDefinition/Organization]]}
","Value of extension","Value of extension - must be one of a constrained set of the data types (see [Extensibility](http://hl7.org/fhir/R4/extensibility.html) for a list).","","","","","","","","","",,,,,"",,,,"Extension.value[x]",0,1,"","ele-1:All FHIR elements must have a @value or children {hasValue() or (children().count() > id.count())}
"
"responsible-unit","Extension.extension:costCenter","Extension.extension","costCenter","","",0,1,"","","","Extension {[]} {[]}
","Kustannuspaikkakoodi","An Extension","","","","","","","","","",,,,,"",,,,"Element.extension",0,*,"","ele-1:All FHIR elements must have a @value or children {hasValue() or (children().count() > id.count())}
ext-1:Must have either extensions or value[x], not both {extension.exists() != value.exists()}"
"responsible-unit","Extension.extension:costCenter.id","Extension.extension.id","","","",0,1,"","","","string {[]} {[]}
","Unique id for inter-element referencing","Unique id for the element within a resource (for internal references). This may be any string value that does not contain spaces.","","","","","","","","","",,,,,"",,,,"Element.id",0,1,"",""
"responsible-unit","Extension.extension:costCenter.extension","Extension.extension.extension","","","",0,0,"","","","Extension {[]} {[]}
","Extension","An Extension","","","","","","","","","",,,,,"","value:url}
","Extensions are always sliced by (at least) url",,"open","Element.extension",0,*,"","ele-1:All FHIR elements must have a @value or children {hasValue() or (children().count() > id.count())}
ext-1:Must have either extensions or value[x], not both {extension.exists() != value.exists()}"
"responsible-unit","Extension.extension:costCenter.url","Extension.extension.url","","","",1,1,"","","","uri {[]} {[]}
","identifies the meaning of the extension","Source of the definition for the extension code - a logical name or a URL.","The definition may point directly to a computable or human-readable definition of the extensibility codes, or it may be a logical URI as declared in some other specification. The definition SHALL be a URI for the Structure Definition defining the extension.","","","","<valueUri xmlns=""http://hl7.org/fhir"" value=""costCenter""/>","","","","",,,,,"",,,,"Extension.url",1,1,"",""
"responsible-unit","Extension.extension:costCenter.value[x]","Extension.extension.value[x]","","","",0,1,"","","","string {[]} {[]}
","Value of extension","Value of extension - must be one of a constrained set of the data types (see [Extensibility](http://hl7.org/fhir/R4/extensibility.html) for a list).","","","","","","","","","",,,,,"",,,,"Extension.value[x]",0,1,"","ele-1:All FHIR elements must have a @value or children {hasValue() or (children().count() > id.count())}
"
"responsible-unit","Extension.url","Extension.url","","","",1,1,"","","","uri {[]} {[]}
","identifies the meaning of the extension","Source of the definition for the extension code - a logical name or a URL.","The definition may point directly to a computable or human-readable definition of the extensibility codes, or it may be a logical URI as declared in some other specification. The definition SHALL be a URI for the Structure Definition defining the extension.","","","","<valueUri xmlns=""http://hl7.org/fhir"" value=""http://example.org/StructureDefinition/responsible-unit""/>","","","","",,,,,"",,,,"Extension.url",1,1,"",""
"responsible-unit","Extension.value[x]","Extension.value[x]","","","",0,0,"","","","base64Binary {[]} {[]}
boolean {[]} {[]}canonical {[]} {[]}code {[]} {[]}date {[]} {[]}dateTime {[]} {[]}decimal {[]} {[]}id {[]} {[]}instant {[]} {[]}integer {[]} {[]}markdown {[]} {[]}oid {[]} {[]}positiveInt {[]} {[]}string {[]} {[]}time {[]} {[]}unsignedInt {[]} {[]}uri {[]} {[]}url {[]} {[]}uuid {[]} {[]}Address {[]} {[]}Age {[]} {[]}Annotation {[]} {[]}Attachment {[]} {[]}CodeableConcept {[]} {[]}Coding {[]} {[]}ContactPoint {[]} {[]}Count {[]} {[]}Distance {[]} {[]}Duration {[]} {[]}HumanName {[]} {[]}Identifier {[]} {[]}Money {[]} {[]}Period {[]} {[]}Quantity {[]} {[]}Range {[]} {[]}Ratio {[]} {[]}Reference {[]} {[]}SampledData {[]} {[]}Signature {[]} {[]}Timing {[]} {[]}ContactDetail {[]} {[]}Contributor {[]} {[]}DataRequirement {[]} {[]}Expression {[]} {[]}ParameterDefinition {[]} {[]}RelatedArtifact {[]} {[]}TriggerDefinition {[]} {[]}UsageContext {[]} {[]}Dosage {[]} {[]}Meta {[]} {[]}","Value of extension","Value of extension - must be one of a constrained set of the data types (see [Extensibility](http://hl7.org/fhir/R4/extensibility.html) for a list).","","","","","","","","","",,,,,"",,,,"Extension.value[x]",0,1,"","ele-1:All FHIR elements must have a @value or children {hasValue() or (children().count() > id.count())}
"
