{
  "codeSystems" : [
    {
      "url" : "http://example.org/fhir/ValueSet/location-type-vs",
      "version" : "0.1.0",
      "status" : "active",
      "name" : "LocationTypeVS",
      "title" : "Organisaation tilatyypit (VS)",
      "description" : "Organisaation omiin tarpeisiin suunniteltu valikoima tilatyypeistä.",
      "systems" : [
        "http://terminology.hl7.org/CodeSystem/v3-RoleCode",
        "http://example.org/fhir/CodeSystem/location-type-cs"
      ],
      "uses" : {
      },
      "StructureDefinition-assi-location.html" : "Assi Location profile"
    },
    {
      "url" : "http://terminology.hl7.org/ValueSet/v3-ServiceDeliveryLocationRoleType",
      "version" : "3.0.0",
      "status" : "active",
      "name" : "ServiceDeliveryLocationRoleType",
      "title" : "ServiceDeliveryLocationRoleType",
      "description" : "A role of a place that further classifies the setting (e.g., accident site, road side, work site, community location) in which services are delivered.",
      "systems" : ["http://terminology.hl7.org/CodeSystem/v3-RoleCode"],
      "oids" : ["2.16.840.1.113883.1.11.17660"],
      "sources" : ["2.16.840.1.113883.1.11.17660"],
      "uses" : {
      },
      "ValueSet-location-type-vs.html" : "Organisaation tilatyypit (VS)"
    }
  ]
}
