<?xml version="1.0" encoding="UTF-8"?>

<ValueSet xmlns="http://hl7.org/fhir">
  <id value="location-type-vs"/>
  <text>
    <status value="generated"/><div xmlns="http://www.w3.org/1999/xhtml"><p class="res-header-id"><b>Generated Narrative: ValueSet location-type-vs</b></p><a name="location-type-vs"> </a><a name="hclocation-type-vs"> </a><a name="location-type-vs-en-US"> </a><p>This value set includes codes based on the following rules:</p><ul><li>Include all codes defined in <a href="CodeSystem-location-type-cs.html"><code>http://example.org/fhir/CodeSystem/location-type-cs</code></a></li><li>Import all the codes that are contained in <a href="http://terminology.hl7.org/6.2.0/ValueSet-v3-ServiceDeliveryLocationRoleType.html">ServiceDeliveryLocationRoleType</a></li></ul></div>
  </text>
  <url value="http://example.org/fhir/ValueSet/location-type-vs"/>
  <version value="0.1.0"/>
  <name value="LocationTypeVS"/>
  <title value="Organisaation tilatyypit (VS)"/>
  <status value="active"/>
  <date value="2025-04-29T09:25:32+00:00"/>
  <publisher value="OmaH�me"/>
  <contact>
    <name value="OmaH�me"/>
    <telecom>
      <system value="url"/>
      <value value="http://example.org/example-publisher"/>
    </telecom>
  </contact>
  <description value="Organisaation omiin tarpeisiin suunniteltu valikoima tilatyypeistä."/>
  <compose>
    <include>
      <system value="http://example.org/fhir/CodeSystem/location-type-cs"/>
    </include>
    <include>
      <valueSet value="http://terminology.hl7.org/ValueSet/v3-ServiceDeliveryLocationRoleType"/>
    </include>
  </compose>
</ValueSet>