{"resourceType":"CodeSystem","id":"location-type-cs","text":{"status":"generated","div":"<div xmlns=\"http://www.w3.org/1999/xhtml\"><p class=\"res-header-id\"><b>Generated Narrative: CodeSystem location-type-cs</b></p><a name=\"location-type-cs\"> </a><a name=\"hclocation-type-cs\"> </a><a name=\"location-type-cs-en-US\"> </a><p>This  code system <code>http://example.org/fhir/CodeSystem/location-type-cs</code> defines the following codes:</p><table class=\"codes\"><tr><td style=\"white-space:nowrap\"><b>Code</b></td><td><b>Display</b></td></tr><tr><td style=\"white-space:nowrap\">toi<a name=\"location-type-cs-toi\"> </a></td><td>Toimistotila</td></tr><tr><td style=\"white-space:nowrap\">toe<a name=\"location-type-cs-toe\"> </a></td><td>Toimistotila, erikoisvarustus</td></tr><tr><td style=\"white-space:nowrap\">kok<a name=\"location-type-cs-kok\"> </a></td><td>Kokoustila</td></tr><tr><td style=\"white-space:nowrap\">mot<a name=\"location-type-cs-mot\"> </a></td><td>Monitoimityötila</td></tr><tr><td style=\"white-space:nowrap\">lii<a name=\"location-type-cs-lii\"> </a></td><td>Liiketila</td></tr><tr><td style=\"white-space:nowrap\">opt<a name=\"location-type-cs-opt\"> </a></td><td>Opetustila tai luentosali</td></tr><tr><td style=\"white-space:nowrap\">mtp<a name=\"location-type-cs-mtp\"> </a></td><td>Muu opetus- tai terapiatila</td></tr><tr><td style=\"white-space:nowrap\">lab<a name=\"location-type-cs-lab\"> </a></td><td>Laboratorio</td></tr><tr><td style=\"white-space:nowrap\">puh<a name=\"location-type-cs-puh\"> </a></td><td>Puhdastila</td></tr><tr><td style=\"white-space:nowrap\">olo<a name=\"location-type-cs-olo\"> </a></td><td>Olosuhdehuone</td></tr><tr><td style=\"white-space:nowrap\">rhy<a name=\"location-type-cs-rhy\"> </a></td><td>Ryhmätila</td></tr><tr><td style=\"white-space:nowrap\">lei<a name=\"location-type-cs-lei\"> </a></td><td>Leikkaussali</td></tr><tr><td style=\"white-space:nowrap\">syn<a name=\"location-type-cs-syn\"> </a></td><td>Synnytyssali</td></tr><tr><td style=\"white-space:nowrap\">pot<a name=\"location-type-cs-pot\"> </a></td><td>Potilashuone</td></tr><tr><td style=\"white-space:nowrap\">eri<a name=\"location-type-cs-eri\"> </a></td><td>Eristyshuone</td></tr><tr><td style=\"white-space:nowrap\">teh<a name=\"location-type-cs-teh\"> </a></td><td>Tehohoitotila</td></tr><tr><td style=\"white-space:nowrap\">kap<a name=\"location-type-cs-kap\"> </a></td><td>Kappeli tai jäähyväishuone</td></tr><tr><td style=\"white-space:nowrap\">tph<a name=\"location-type-cs-tph\"> </a></td><td>Toimenpidehuone</td></tr><tr><td style=\"white-space:nowrap\">vas<a name=\"location-type-cs-vas\"> </a></td><td>Vastaanottohuone</td></tr><tr><td style=\"white-space:nowrap\">vak<a name=\"location-type-cs-vak\"> </a></td><td>Vastaanottohuone, kevyt</td></tr><tr><td style=\"white-space:nowrap\">vae<a name=\"location-type-cs-vae\"> </a></td><td>Vastaanottohuone, erikoisvarustus</td></tr><tr><td style=\"white-space:nowrap\">kuv<a name=\"location-type-cs-kuv\"> </a></td><td>Kuvantamishuone</td></tr><tr><td style=\"white-space:nowrap\">kve<a name=\"location-type-cs-kve\"> </a></td><td>Kuvantamishuone, erikoisvarustus</td></tr><tr><td style=\"white-space:nowrap\">val<a name=\"location-type-cs-val\"> </a></td><td>Valvonta- tai tarkkailutila</td></tr><tr><td style=\"white-space:nowrap\">her<a name=\"location-type-cs-her\"> </a></td><td>Heräämö</td></tr><tr><td style=\"white-space:nowrap\">vai<a name=\"location-type-cs-vai\"> </a></td><td>Vainajien säilytystila</td></tr><tr><td style=\"white-space:nowrap\">obd<a name=\"location-type-cs-obd\"> </a></td><td>Obduktio- tai dissektiotila</td></tr><tr><td style=\"white-space:nowrap\">whs<a name=\"location-type-cs-whs\"> </a></td><td>Välinehuoltotila</td></tr><tr><td style=\"white-space:nowrap\">lib<a name=\"location-type-cs-lib\"> </a></td><td>Kirjasto</td></tr><tr><td style=\"white-space:nowrap\">gym<a name=\"location-type-cs-gym\"> </a></td><td>Liikuntasali</td></tr><tr><td style=\"white-space:nowrap\">fit<a name=\"location-type-cs-fit\"> </a></td><td>Kuntosali</td></tr><tr><td style=\"white-space:nowrap\">res<a name=\"location-type-cs-res\"> </a></td><td>Pelastustoimen laitehuoltotila</td></tr><tr><td style=\"white-space:nowrap\">sto<a name=\"location-type-cs-sto\"> </a></td><td>Varastotila</td></tr><tr><td style=\"white-space:nowrap\">stc<a name=\"location-type-cs-stc\"> </a></td><td>Varastotila, kylmä</td></tr><tr><td style=\"white-space:nowrap\">ste<a name=\"location-type-cs-ste\"> </a></td><td>Varastotila, erikoisvarustus</td></tr><tr><td style=\"white-space:nowrap\">arc<a name=\"location-type-cs-arc\"> </a></td><td>Arkistotila</td></tr><tr><td style=\"white-space:nowrap\">gar<a name=\"location-type-cs-gar\"> </a></td><td>Auto- tai kalustohalli, lämmin</td></tr><tr><td style=\"white-space:nowrap\">was<a name=\"location-type-cs-was\"> </a></td><td>Pesuhalli</td></tr><tr><td style=\"white-space:nowrap\">din<a name=\"location-type-cs-din\"> </a></td><td>Ruokasali</td></tr><tr><td style=\"white-space:nowrap\">kit<a name=\"location-type-cs-kit\"> </a></td><td>Keittiö</td></tr><tr><td style=\"white-space:nowrap\">ser<a name=\"location-type-cs-ser\"> </a></td><td>Jakelukeittiö tai palvelukeittiö</td></tr><tr><td style=\"white-space:nowrap\">ref<a name=\"location-type-cs-ref\"> </a></td><td>Kylmiö</td></tr><tr><td style=\"white-space:nowrap\">fre<a name=\"location-type-cs-fre\"> </a></td><td>Pakastehuone</td></tr><tr><td style=\"white-space:nowrap\">cha<a name=\"location-type-cs-cha\"> </a></td><td>Pukutila</td></tr><tr><td style=\"white-space:nowrap\">bat<a name=\"location-type-cs-bat\"> </a></td><td>Pesutila</td></tr><tr><td style=\"white-space:nowrap\">wc<a name=\"location-type-cs-wc\"> </a></td><td>WC-tila</td></tr><tr><td style=\"white-space:nowrap\">sau<a name=\"location-type-cs-sau\"> </a></td><td>Sauna</td></tr><tr><td style=\"white-space:nowrap\">brk<a name=\"location-type-cs-brk\"> </a></td><td>Taukotila</td></tr><tr><td style=\"white-space:nowrap\">lou<a name=\"location-type-cs-lou\"> </a></td><td>Oleskelutila</td></tr><tr><td style=\"white-space:nowrap\">rea<a name=\"location-type-cs-rea\"> </a></td><td>Valmiushuone</td></tr><tr><td style=\"white-space:nowrap\">she<a name=\"location-type-cs-she\"> </a></td><td>Väestönsuojatila</td></tr><tr><td style=\"white-space:nowrap\">ent<a name=\"location-type-cs-ent\"> </a></td><td>Sisäänkäyntitila</td></tr><tr><td style=\"white-space:nowrap\">lob<a name=\"location-type-cs-lob\"> </a></td><td>Aula tai odotustila</td></tr><tr><td style=\"white-space:nowrap\">cln<a name=\"location-type-cs-cln\"> </a></td><td>Siivous- tai huoltotila</td></tr><tr><td style=\"white-space:nowrap\">tex<a name=\"location-type-cs-tex\"> </a></td><td>Vaate- tai tekstiilihuoltotila</td></tr><tr><td style=\"white-space:nowrap\">mnt<a name=\"location-type-cs-mnt\"> </a></td><td>Teknisen huollon tila</td></tr><tr><td style=\"white-space:nowrap\">wasd<a name=\"location-type-cs-wasd\"> </a></td><td>Jätehuoltotila</td></tr><tr><td style=\"white-space:nowrap\">cor<a name=\"location-type-cs-cor\"> </a></td><td>Käytävä (jakava liikenne)</td></tr><tr><td style=\"white-space:nowrap\">isl<a name=\"location-type-cs-isl\"> </a></td><td>Sulkutila</td></tr><tr><td style=\"white-space:nowrap\">log<a name=\"location-type-cs-log\"> </a></td><td>Logistiikka- tai terminaalitila</td></tr><tr><td style=\"white-space:nowrap\">sta<a name=\"location-type-cs-sta\"> </a></td><td>Porrashuone (osastoiva liikenne)</td></tr><tr><td style=\"white-space:nowrap\">tfn<a name=\"location-type-cs-tfn\"> </a></td><td>Tekninen tila</td></tr><tr><td style=\"white-space:nowrap\">tfne<a name=\"location-type-cs-tfne\"> </a></td><td>Tekninen tila, erikoisvarustus</td></tr><tr><td style=\"white-space:nowrap\">sup<a name=\"location-type-cs-sup\"> </a></td><td>Tekninen aputila</td></tr><tr><td style=\"white-space:nowrap\">raw<a name=\"location-type-cs-raw\"> </a></td><td>Raakatila</td></tr><tr><td style=\"white-space:nowrap\">ele<a name=\"location-type-cs-ele\"> </a></td><td>Hissi</td></tr></table></div>"},"url":"http://example.org/fhir/CodeSystem/location-type-cs","version":"0.1.0","name":"LocationTypeCS","title":"Organisaation tilatyypit","status":"active","date":"2025-04-29T07:35:04+00:00","publisher":"OmaH�me","contact":[{"name":"OmaH�me","telecom":[{"system":"url","value":"http://example.org/example-publisher"}]}],"description":"Organisaation sisäiseen käyttöön tarkoitettu koodisto eri tilatyypeille, joita käytetään Location-resurssissa.","content":"complete","count":66,"concept":[{"code":"toi","display":"Toimistotila","designation":[{"use":{"system":"http://terminology.hl7.org/CodeSystem/designation-usage","code":"display"},"value":"Toimistotila"}]},{"code":"toe","display":"Toimistotila, erikoisvarustus","designation":[{"use":{"system":"http://terminology.hl7.org/CodeSystem/designation-usage","code":"display"},"value":"Toimistotila, erikoisvarustus"}]},{"code":"kok","display":"Kokoustila","designation":[{"use":{"system":"http://terminology.hl7.org/CodeSystem/designation-usage","code":"display"},"value":"Kokoustila"}]},{"code":"mot","display":"Monitoimityötila","designation":[{"use":{"system":"http://terminology.hl7.org/CodeSystem/designation-usage","code":"display"},"value":"Monitoimityötila"}]},{"code":"lii","display":"Liiketila","designation":[{"use":{"system":"http://terminology.hl7.org/CodeSystem/designation-usage","code":"display"},"value":"Liiketila"}]},{"code":"opt","display":"Opetustila tai luentosali","designation":[{"use":{"system":"http://terminology.hl7.org/CodeSystem/designation-usage","code":"display"},"value":"Opetustila tai luentosali"}]},{"code":"mtp","display":"Muu opetus- tai terapiatila","designation":[{"use":{"system":"http://terminology.hl7.org/CodeSystem/designation-usage","code":"display"},"value":"Muu opetus- tai terapiatila"}]},{"code":"lab","display":"Laboratorio","designation":[{"use":{"system":"http://terminology.hl7.org/CodeSystem/designation-usage","code":"display"},"value":"Laboratorio"}]},{"code":"puh","display":"Puhdastila","designation":[{"use":{"system":"http://terminology.hl7.org/CodeSystem/designation-usage","code":"display"},"value":"Puhdastila"}]},{"code":"olo","display":"Olosuhdehuone","designation":[{"use":{"system":"http://terminology.hl7.org/CodeSystem/designation-usage","code":"display"},"value":"Olosuhdehuone"}]},{"code":"rhy","display":"Ryhmätila","designation":[{"use":{"system":"http://terminology.hl7.org/CodeSystem/designation-usage","code":"display"},"value":"Ryhmätila"}]},{"code":"lei","display":"Leikkaussali","designation":[{"use":{"system":"http://terminology.hl7.org/CodeSystem/designation-usage","code":"display"},"value":"Leikkaussali"}]},{"code":"syn","display":"Synnytyssali","designation":[{"use":{"system":"http://terminology.hl7.org/CodeSystem/designation-usage","code":"display"},"value":"Synnytyssali"}]},{"code":"pot","display":"Potilashuone","designation":[{"use":{"system":"http://terminology.hl7.org/CodeSystem/designation-usage","code":"display"},"value":"Potilashuone"}]},{"code":"eri","display":"Eristyshuone","designation":[{"use":{"system":"http://terminology.hl7.org/CodeSystem/designation-usage","code":"display"},"value":"Eristyshuone"}]},{"code":"teh","display":"Tehohoitotila","designation":[{"use":{"system":"http://terminology.hl7.org/CodeSystem/designation-usage","code":"display"},"value":"Tehohoitotila"}]},{"code":"kap","display":"Kappeli tai jäähyväishuone","designation":[{"use":{"system":"http://terminology.hl7.org/CodeSystem/designation-usage","code":"display"},"value":"Kappeli tai jäähyväishuone"}]},{"code":"tph","display":"Toimenpidehuone","designation":[{"use":{"system":"http://terminology.hl7.org/CodeSystem/designation-usage","code":"display"},"value":"Toimenpidehuone"}]},{"code":"vas","display":"Vastaanottohuone","designation":[{"use":{"system":"http://terminology.hl7.org/CodeSystem/designation-usage","code":"display"},"value":"Vastaanottohuone"}]},{"code":"vak","display":"Vastaanottohuone, kevyt","designation":[{"use":{"system":"http://terminology.hl7.org/CodeSystem/designation-usage","code":"display"},"value":"Vastaanottohuone, kevyt"}]},{"code":"vae","display":"Vastaanottohuone, erikoisvarustus","designation":[{"use":{"system":"http://terminology.hl7.org/CodeSystem/designation-usage","code":"display"},"value":"Vastaanottohuone, erikoisvarustus"}]},{"code":"kuv","display":"Kuvantamishuone","designation":[{"use":{"system":"http://terminology.hl7.org/CodeSystem/designation-usage","code":"display"},"value":"Kuvantamishuone"}]},{"code":"kve","display":"Kuvantamishuone, erikoisvarustus","designation":[{"use":{"system":"http://terminology.hl7.org/CodeSystem/designation-usage","code":"display"},"value":"Kuvantamishuone, erikoisvarustus"}]},{"code":"val","display":"Valvonta- tai tarkkailutila","designation":[{"use":{"system":"http://terminology.hl7.org/CodeSystem/designation-usage","code":"display"},"value":"Valvonta- tai tarkkailutila"}]},{"code":"her","display":"Heräämö","designation":[{"use":{"system":"http://terminology.hl7.org/CodeSystem/designation-usage","code":"display"},"value":"Heräämö"}]},{"code":"vai","display":"Vainajien säilytystila","designation":[{"use":{"system":"http://terminology.hl7.org/CodeSystem/designation-usage","code":"display"},"value":"Vainajien säilytystila"}]},{"code":"obd","display":"Obduktio- tai dissektiotila","designation":[{"use":{"system":"http://terminology.hl7.org/CodeSystem/designation-usage","code":"display"},"value":"Obduktio- tai dissektiotila"}]},{"code":"whs","display":"Välinehuoltotila","designation":[{"use":{"system":"http://terminology.hl7.org/CodeSystem/designation-usage","code":"display"},"value":"Välinehuoltotila"}]},{"code":"lib","display":"Kirjasto","designation":[{"use":{"system":"http://terminology.hl7.org/CodeSystem/designation-usage","code":"display"},"value":"Kirjasto"}]},{"code":"gym","display":"Liikuntasali","designation":[{"use":{"system":"http://terminology.hl7.org/CodeSystem/designation-usage","code":"display"},"value":"Liikuntasali"}]},{"code":"fit","display":"Kuntosali","designation":[{"use":{"system":"http://terminology.hl7.org/CodeSystem/designation-usage","code":"display"},"value":"Kuntosali"}]},{"code":"res","display":"Pelastustoimen laitehuoltotila","designation":[{"use":{"system":"http://terminology.hl7.org/CodeSystem/designation-usage","code":"display"},"value":"Pelastustoimen laitehuoltotila"}]},{"code":"sto","display":"Varastotila","designation":[{"use":{"system":"http://terminology.hl7.org/CodeSystem/designation-usage","code":"display"},"value":"Varastotila"}]},{"code":"stc","display":"Varastotila, kylmä","designation":[{"use":{"system":"http://terminology.hl7.org/CodeSystem/designation-usage","code":"display"},"value":"Varastotila, kylmä"}]},{"code":"ste","display":"Varastotila, erikoisvarustus","designation":[{"use":{"system":"http://terminology.hl7.org/CodeSystem/designation-usage","code":"display"},"value":"Varastotila, erikoisvarustus"}]},{"code":"arc","display":"Arkistotila","designation":[{"use":{"system":"http://terminology.hl7.org/CodeSystem/designation-usage","code":"display"},"value":"Arkistotila"}]},{"code":"gar","display":"Auto- tai kalustohalli, lämmin","designation":[{"use":{"system":"http://terminology.hl7.org/CodeSystem/designation-usage","code":"display"},"value":"Auto- tai kalustohalli, lämmin"}]},{"code":"was","display":"Pesuhalli","designation":[{"use":{"system":"http://terminology.hl7.org/CodeSystem/designation-usage","code":"display"},"value":"Pesuhalli"}]},{"code":"din","display":"Ruokasali","designation":[{"use":{"system":"http://terminology.hl7.org/CodeSystem/designation-usage","code":"display"},"value":"Ruokasali"}]},{"code":"kit","display":"Keittiö","designation":[{"use":{"system":"http://terminology.hl7.org/CodeSystem/designation-usage","code":"display"},"value":"Keittiö"}]},{"code":"ser","display":"Jakelukeittiö tai palvelukeittiö","designation":[{"use":{"system":"http://terminology.hl7.org/CodeSystem/designation-usage","code":"display"},"value":"Jakelukeittiö tai palvelukeittiö"}]},{"code":"ref","display":"Kylmiö","designation":[{"use":{"system":"http://terminology.hl7.org/CodeSystem/designation-usage","code":"display"},"value":"Kylmiö"}]},{"code":"fre","display":"Pakastehuone","designation":[{"use":{"system":"http://terminology.hl7.org/CodeSystem/designation-usage","code":"display"},"value":"Pakastehuone"}]},{"code":"cha","display":"Pukutila","designation":[{"use":{"system":"http://terminology.hl7.org/CodeSystem/designation-usage","code":"display"},"value":"Pukutila"}]},{"code":"bat","display":"Pesutila","designation":[{"use":{"system":"http://terminology.hl7.org/CodeSystem/designation-usage","code":"display"},"value":"Pesutila"}]},{"code":"wc","display":"WC-tila","designation":[{"use":{"system":"http://terminology.hl7.org/CodeSystem/designation-usage","code":"display"},"value":"WC-tila"}]},{"code":"sau","display":"Sauna","designation":[{"use":{"system":"http://terminology.hl7.org/CodeSystem/designation-usage","code":"display"},"value":"Sauna"}]},{"code":"brk","display":"Taukotila","designation":[{"use":{"system":"http://terminology.hl7.org/CodeSystem/designation-usage","code":"display"},"value":"Taukotila"}]},{"code":"lou","display":"Oleskelutila","designation":[{"use":{"system":"http://terminology.hl7.org/CodeSystem/designation-usage","code":"display"},"value":"Oleskelutila"}]},{"code":"rea","display":"Valmiushuone","designation":[{"use":{"system":"http://terminology.hl7.org/CodeSystem/designation-usage","code":"display"},"value":"Valmiushuone"}]},{"code":"she","display":"Väestönsuojatila","designation":[{"use":{"system":"http://terminology.hl7.org/CodeSystem/designation-usage","code":"display"},"value":"Väestönsuojatila"}]},{"code":"ent","display":"Sisäänkäyntitila","designation":[{"use":{"system":"http://terminology.hl7.org/CodeSystem/designation-usage","code":"display"},"value":"Sisäänkäyntitila"}]},{"code":"lob","display":"Aula tai odotustila","designation":[{"use":{"system":"http://terminology.hl7.org/CodeSystem/designation-usage","code":"display"},"value":"Aula tai odotustila"}]},{"code":"cln","display":"Siivous- tai huoltotila","designation":[{"use":{"system":"http://terminology.hl7.org/CodeSystem/designation-usage","code":"display"},"value":"Siivous- tai huoltotila"}]},{"code":"tex","display":"Vaate- tai tekstiilihuoltotila","designation":[{"use":{"system":"http://terminology.hl7.org/CodeSystem/designation-usage","code":"display"},"value":"Vaate- tai tekstiilihuoltotila"}]},{"code":"mnt","display":"Teknisen huollon tila","designation":[{"use":{"system":"http://terminology.hl7.org/CodeSystem/designation-usage","code":"display"},"value":"Teknisen huollon tila"}]},{"code":"wasd","display":"Jätehuoltotila","designation":[{"use":{"system":"http://terminology.hl7.org/CodeSystem/designation-usage","code":"display"},"value":"Jätehuoltotila"}]},{"code":"cor","display":"Käytävä (jakava liikenne)","designation":[{"use":{"system":"http://terminology.hl7.org/CodeSystem/designation-usage","code":"display"},"value":"Käytävä (jakava liikenne)"}]},{"code":"isl","display":"Sulkutila","designation":[{"use":{"system":"http://terminology.hl7.org/CodeSystem/designation-usage","code":"display"},"value":"Sulkutila"}]},{"code":"log","display":"Logistiikka- tai terminaalitila","designation":[{"use":{"system":"http://terminology.hl7.org/CodeSystem/designation-usage","code":"display"},"value":"Logistiikka- tai terminaalitila"}]},{"code":"sta","display":"Porrashuone (osastoiva liikenne)","designation":[{"use":{"system":"http://terminology.hl7.org/CodeSystem/designation-usage","code":"display"},"value":"Porrashuone (osastoiva liikenne)"}]},{"code":"tfn","display":"Tekninen tila","designation":[{"use":{"system":"http://terminology.hl7.org/CodeSystem/designation-usage","code":"display"},"value":"Tekninen tila"}]},{"code":"tfne","display":"Tekninen tila, erikoisvarustus","designation":[{"use":{"system":"http://terminology.hl7.org/CodeSystem/designation-usage","code":"display"},"value":"Tekninen tila, erikoisvarustus"}]},{"code":"sup","display":"Tekninen aputila","designation":[{"use":{"system":"http://terminology.hl7.org/CodeSystem/designation-usage","code":"display"},"value":"Tekninen aputila"}]},{"code":"raw","display":"Raakatila","designation":[{"use":{"system":"http://terminology.hl7.org/CodeSystem/designation-usage","code":"display"},"value":"Raakatila"}]},{"code":"ele","display":"Hissi","designation":[{"use":{"system":"http://terminology.hl7.org/CodeSystem/designation-usage","code":"display"},"value":"Hissi"}]}]}